season,matchno,venue,innings,batsmen,bowlers,che,ban,del,hyd,kol,mum,pun,rr,runs
5,1,37.84615384615385,1,5,3,0,0,0,0,0,0,1,0,48
5,1,42.5,2,4,3,0,0,0,0,1,0,0,0,53
5,1,37.84615384615385,1,4,5,1,0,0,0,0,0,0,0,39
5,1,37.84615384615385,2,2,3,0,0,0,0,0,0,0,1,47
5,1,47.32142857142857,1,3,4,0,0,0,0,0,1,0,0,48
5,1,47.32142857142857,2,3,4,0,1,0,0,0,0,0,0,33
5,1,44.111111111111114,1,4,4,0,0,1,0,0,0,0,0,34
5,2,44.111111111111114,2,4,3,0,0,0,0,1,0,0,0,48
5,2,37.84615384615385,1,2,3,0,0,0,0,0,0,0,1,43
5,2,37.84615384615385,2,3,4,0,0,0,0,0,0,1,0,40
5,3,37.84615384615385,3,3,1,0,0,0,0,0,0,1,0,15
5,3,37.84615384615385,4,3,1,0,0,0,0,0,0,0,1,6
5,1,37.84615384615385,1,2,3,0,0,0,1,0,0,0,0,43
5,3,45.0,2,4,5,0,0,0,0,1,0,0,0,49
5,2,47.32142857142857,1,3,4,1,0,0,0,0,0,0,0,45
5,2,47.32142857142857,2,4,3,0,1,0,0,0,0,0,0,38
5,2,44.111111111111114,1,3,4,0,0,1,0,0,0,0,0,45
5,2,44.111111111111114,2,3,4,0,0,0,0,0,1,0,0,48
5,4,37.84615384615385,1,4,4,0,0,0,0,0,0,0,1,48
5,3,37.84615384615385,2,3,4,0,1,0,0,0,0,0,0,49
5,3,45.666666666666664,1,5,3,0,0,0,0,0,1,0,0,37
5,4,45.666666666666664,2,3,4,0,0,0,0,1,0,0,0,38
5,3,47.32142857142857,1,4,3,1,0,0,0,0,0,0,0,59
5,3,47.32142857142857,2,5,2,0,0,1,0,0,0,0,0,40
5,5,47.32142857142857,1,4,3,0,0,0,0,0,0,0,1,35
5,4,42.5,2,4,4,0,0,0,0,0,0,1,0,51
5,5,45.666666666666664,1,2,4,0,0,0,0,1,0,0,0,53
5,4,45.666666666666664,2,3,3,0,1,0,0,0,0,0,0,41
5,4,47.32142857142857,1,2,4,1,0,0,0,0,0,0,0,49
5,2,47.32142857142857,2,3,2,0,0,0,1,0,0,0,0,46
5,4,44.111111111111114,1,3,5,0,0,1,0,0,0,0,0,51
5,6,44.111111111111114,2,3,3,0,0,0,0,0,0,0,1,42
5,5,46.833333333333336,1,2,3,0,0,0,0,0,0,1,0,57
5,4,46.833333333333336,2,5,3,0,0,0,0,0,1,0,0,17
5,5,47.32142857142857,1,3,3,0,1,0,0,0,0,0,0,47
5,3,47.32142857142857,2,2,4,0,0,0,1,0,0,0,0,65
5,5,37.84615384615385,1,4,4,0,0,0,0,0,1,0,0,31
5,7,37.84615384615385,2,3,3,0,0,0,0,0,0,0,1,42
5,6,37.84615384615385,1,3,3,0,0,0,0,0,0,1,0,41
5,5,42.5,2,3,3,0,0,1,0,0,0,0,0,47
5,4,42.5,1,4,4,0,0,0,1,0,0,0,0,35
5,8,45.0,2,2,3,0,0,0,0,0,0,0,1,36
5,6,46.833333333333336,1,5,3,0,0,0,0,0,1,0,0,31
5,5,46.833333333333336,2,2,4,1,0,0,0,0,0,0,0,90
5,6,46.833333333333336,1,3,3,0,0,1,0,0,0,0,0,40
5,5,45.0,2,2,4,0,0,0,1,0,0,0,0,50
5,7,46.833333333333336,1,3,3,0,0,0,0,0,1,0,0,46
5,6,46.833333333333336,2,2,3,0,0,0,1,0,0,0,0,52
5,6,47.32142857142857,1,3,4,1,0,0,0,0,0,0,0,54
5,7,47.32142857142857,2,4,3,0,0,0,0,0,0,1,0,39
5,7,44.111111111111114,1,4,4,0,0,1,0,0,0,0,0,38
5,6,44.111111111111114,2,2,4,0,1,0,0,0,0,0,0,50
5,7,51.8,1,3,3,0,0,0,1,0,0,0,0,56
5,8,51.8,2,4,3,0,0,0,0,0,0,1,0,36
5,7,47.32142857142857,1,3,3,1,0,0,0,0,0,0,0,53
5,6,47.32142857142857,2,4,4,0,0,0,0,1,0,0,0,54
5,8,45.666666666666664,1,6,4,1,0,0,0,0,0,0,0,69
5,7,45.666666666666664,2,3,2,0,0,0,0,1,0,0,0,38
5,7,47.32142857142857,1,10,7,0,1,0,0,0,0,0,0,79
5,8,44.111111111111114,2,2,3,0,0,1,0,0,0,0,0,41
5,8,46.833333333333336,1,3,4,0,0,0,0,0,1,0,0,47
5,9,46.833333333333336,2,3,4,0,0,0,0,0,0,0,1,55
5,8,47.32142857142857,1,3,5,0,0,0,0,1,0,0,0,61
5,8,47.32142857142857,2,4,4,0,1,0,0,0,0,0,0,62
5,8,51.888888888888886,1,2,3,0,0,0,1,0,0,0,0,76
5,9,51.888888888888886,2,4,4,1,0,0,0,0,0,0,0,54
5,9,51.8,1,2,4,0,0,0,0,0,1,0,0,51
5,9,51.8,2,4,4,0,0,0,0,0,0,1,0,45
5,10,51.8,1,2,3,0,0,0,0,0,0,0,1,43
5,9,48.0,2,4,4,0,0,1,0,0,0,0,0,55
5,10,47.32142857142857,1,3,4,1,0,0,0,0,0,0,0,37
5,9,47.32142857142857,2,4,3,0,1,0,0,0,0,0,0,42
5,9,45.666666666666664,1,2,4,0,0,0,0,1,0,0,0,55
5,9,45.666666666666664,2,5,4,0,0,0,1,0,0,0,0,33
5,10,46.833333333333336,1,4,4,0,0,1,0,0,0,0,0,44
5,10,46.833333333333336,2,6,3,0,0,0,0,0,1,0,0,41
5,10,47.32142857142857,1,2,3,0,1,0,0,0,0,0,0,68
5,10,47.32142857142857,2,6,3,0,0,0,0,0,0,1,0,34
5,10,56.0,1,3,5,0,0,0,1,0,0,0,0,56
5,11,48.0,2,4,3,0,0,0,0,0,0,0,1,36
5,10,45.666666666666664,1,3,3,0,0,0,0,1,0,0,0,50
5,11,45.666666666666664,2,2,3,0,0,1,0,0,0,0,0,36
5,11,47.32142857142857,1,3,4,1,0,0,0,0,0,0,0,44
5,11,47.32142857142857,2,2,3,0,0,0,0,0,1,0,0,61
5,11,45.666666666666664,1,3,4,0,0,0,0,0,0,1,0,45
5,11,45.666666666666664,2,3,4,0,0,0,0,1,0,0,0,57
5,11,45.666666666666664,1,4,3,0,0,0,1,0,0,0,0,41
5,12,38.5,2,3,4,0,0,1,0,0,0,0,0,49
5,11,46.833333333333336,1,3,4,0,1,0,0,0,0,0,0,39
5,12,46.833333333333336,2,3,4,0,0,0,0,0,1,0,0,45
5,12,47.32142857142857,1,4,4,1,0,0,0,0,0,0,0,36
5,12,47.32142857142857,2,3,2,0,0,0,0,0,0,0,1,40
5,12,51.888888888888886,1,2,4,0,0,0,1,0,0,0,0,56
5,12,51.888888888888886,2,3,4,0,0,0,0,0,0,1,0,47
5,13,51.888888888888886,1,2,2,1,0,0,0,0,0,0,0,16
5,13,38.5,2,4,3,0,0,1,0,0,0,0,0,28
5,13,51.8,1,6,5,0,0,0,0,0,0,1,0,72
5,12,51.8,2,4,4,0,1,0,0,0,0,0,0,61
5,13,46.833333333333336,1,4,3,0,0,0,0,0,1,0,0,46
5,12,46.833333333333336,2,4,4,0,0,0,0,1,0,0,0,50
5,13,51.888888888888886,1,3,5,0,0,0,1,0,0,0,0,68
5,13,51.888888888888886,2,5,5,0,1,0,0,0,0,0,0,83
5,14,51.8,1,5,3,0,0,0,0,0,0,1,0,41
5,14,51.8,2,4,4,1,0,0,0,0,0,0,0,47
5,13,51.8,1,2,4,0,0,0,0,0,0,0,1,66
5,13,48.0,2,4,3,0,0,0,0,1,0,0,0,53
5,14,47.32142857142857,1,2,4,0,0,1,0,0,0,0,0,54
5,14,47.32142857142857,2,2,2,0,1,0,0,0,0,0,0,2
5,14,51.888888888888886,1,5,3,0,0,0,1,0,0,0,0,29
5,14,51.888888888888886,2,2,4,0,0,0,0,0,1,0,0,38
5,15,46.833333333333336,1,2,2,0,0,0,0,0,1,0,0,48
5,15,46.833333333333336,2,4,3,1,0,0,0,0,0,0,0,54
5,15,46.833333333333336,1,2,4,0,1,0,0,0,0,0,0,41
5,14,42.5,2,4,3,0,0,0,0,0,0,0,1,40
5,16,42.5,1,4,2,0,1,0,0,0,0,0,0,29
5,16,34.0,2,3,3,1,0,0,0,0,0,0,0,34
5,16,45.666666666666664,1,3,4,0,0,0,0,0,1,0,0,61
5,17,45.666666666666664,2,3,3,1,0,0,0,0,0,0,0,31
6,1,48.8,1,6,3,0,0,0,0,0,1,0,0,37
6,1,48.8,2,2,2,0,0,0,0,0,0,1,0,57
6,1,45.11764705882353,1,6,3,0,0,1,0,0,0,0,0,35
6,1,45.11764705882353,2,2,3,0,0,0,0,1,0,0,0,47
6,2,48.64705882352941,1,2,4,0,0,0,0,0,0,1,0,52
6,3,48.64705882352941,2,3,4,0,0,0,0,0,0,1,0,57
6,1,46.833333333333336,1,3,3,0,1,0,0,0,0,0,0,49
6,1,46.833333333333336,2,3,4,0,0,0,1,0,0,0,0,56
6,2,45.11764705882353,1,3,3,0,0,0,0,1,0,0,0,40
6,2,45.11764705882353,2,3,3,0,0,0,0,0,1,0,0,53
6,4,45.11764705882353,1,3,4,0,0,0,0,0,0,1,0,57
6,5,53.375,2,2,4,0,0,0,0,0,0,1,0,62
6,6,43.0,1,3,4,0,0,0,0,0,0,1,0,37
6,2,43.0,2,3,4,0,0,1,0,0,0,0,0,28
6,2,41.588235294117645,1,4,3,0,0,0,1,0,0,0,0,36
6,3,41.588235294117645,2,2,3,0,0,0,0,1,0,0,0,36
6,3,48.8,1,4,2,0,0,0,0,0,1,0,0,31
6,7,48.8,2,3,4,0,0,0,0,0,0,1,0,42
6,8,48.64705882352941,1,3,4,0,0,0,0,0,0,1,0,49
6,9,48.64705882352941,2,2,3,0,0,0,0,0,0,1,0,50
6,2,46.833333333333336,1,3,3,0,1,0,0,0,0,0,0,63
6,3,46.833333333333336,2,4,3,0,0,1,0,0,0,0,0,51
6,4,41.588235294117645,1,4,4,0,0,0,0,0,1,0,0,40
6,3,41.588235294117645,2,3,4,0,0,0,1,0,0,0,0,33
6,10,48.64705882352941,1,3,3,0,0,0,0,0,0,1,0,41
6,4,48.64705882352941,2,2,4,0,0,0,0,1,0,0,0,65
6,3,48.8,1,3,3,0,1,0,0,0,0,0,0,49
6,5,48.8,2,3,3,0,0,0,0,0,1,0,0,51
6,11,48.8,1,3,4,0,0,0,0,0,0,1,0,50
6,4,53.375,2,2,4,0,0,0,1,0,0,0,0,63
6,4,53.375,1,3,3,0,1,0,0,0,0,0,0,48
6,12,53.5,2,5,4,0,0,0,0,0,0,1,0,36
6,4,43.0,1,3,4,0,0,1,0,0,0,0,0,41
6,6,43.0,2,3,4,0,0,0,0,0,1,0,0,52
6,13,41.588235294117645,1,4,4,0,0,0,0,0,0,1,0,35
6,5,41.588235294117645,2,2,4,0,0,0,1,0,0,0,0,65
6,5,41.588235294117645,1,3,4,0,1,0,0,0,0,0,0,50
6,14,53.375,2,2,4,0,0,0,0,0,0,1,0,72
6,15,53.375,1,3,4,0,0,0,0,0,0,1,0,31
6,5,53.5,2,4,3,0,0,0,0,1,0,0,0,59
6,7,48.64705882352941,1,3,3,0,0,0,0,0,1,0,0,39
6,16,48.64705882352941,2,4,3,0,0,0,0,0,0,1,0,40
6,6,41.588235294117645,1,5,3,0,0,0,1,0,0,0,0,27
6,17,41.588235294117645,2,3,3,0,0,0,0,0,0,1,0,46
6,18,43.0,1,2,3,0,0,0,0,0,0,1,0,71
6,5,43.0,2,5,2,0,0,1,0,0,0,0,0,22
6,6,48.8,1,2,4,0,0,0,0,1,0,0,0,59
6,8,48.8,2,3,4,0,0,0,0,0,1,0,0,64
6,19,48.8,1,3,2,0,0,0,0,0,0,1,0,48
6,20,53.5,2,2,4,0,0,0,0,0,0,1,0,72
6,6,43.0,1,5,3,0,0,1,0,0,0,0,0,37
6,7,43.0,2,4,2,0,0,0,0,1,0,0,0,43
6,7,41.588235294117645,1,3,5,0,0,0,1,0,0,0,0,49
6,6,41.588235294117645,2,3,3,0,1,0,0,0,0,0,0,45
6,21,41.588235294117645,1,2,3,0,0,0,0,0,0,1,0,59
6,22,53.375,2,4,5,0,0,0,0,0,0,1,0,36
6,23,53.375,1,3,4,0,0,0,0,0,0,1,0,54
6,9,53.5,2,3,3,0,0,0,0,0,1,0,0,47
6,7,46.833333333333336,1,3,3,0,1,0,0,0,0,0,0,40
6,8,46.833333333333336,2,4,5,0,0,0,0,1,0,0,0,37
6,24,39.5,1,5,4,0,0,0,0,0,0,1,0,35
6,7,53.375,2,2,3,0,0,1,0,0,0,0,0,61
6,9,45.11764705882353,1,2,4,0,0,0,0,1,0,0,0,40
6,25,45.11764705882353,2,5,3,0,0,0,0,0,0,1,0,37
6,8,43.0,1,3,3,0,0,1,0,0,0,0,0,48
6,26,43.0,2,2,3,0,0,0,0,0,0,1,0,50
6,27,41.588235294117645,1,5,3,0,0,0,0,0,0,1,0,26
6,8,41.588235294117645,2,4,3,0,0,0,1,0,0,0,0,38
6,28,46.833333333333336,1,3,5,0,0,0,0,0,0,1,0,60
6,8,46.833333333333336,2,2,3,0,1,0,0,0,0,0,0,46
6,29,48.64705882352941,1,3,4,0,0,0,0,0,0,1,0,45
6,9,48.64705882352941,2,2,5,0,0,1,0,0,0,0,0,51
6,9,48.64705882352941,1,2,4,0,0,0,1,0,0,0,0,51
6,10,39.285714285714285,2,7,3,0,0,0,0,0,1,0,0,32
6,10,45.11764705882353,1,6,3,0,0,0,0,1,0,0,0,28
6,30,45.11764705882353,2,3,4,0,0,0,0,0,0,1,0,46
6,9,48.64705882352941,1,2,5,0,1,0,0,0,0,0,0,56
6,31,48.64705882352941,2,3,4,0,0,0,0,0,0,1,0,50
6,10,48.64705882352941,1,3,2,0,0,0,1,0,0,0,0,34
6,32,39.285714285714285,2,4,3,0,0,0,0,0,0,1,0,25
6,10,46.833333333333336,1,4,4,0,1,0,0,0,0,0,0,25
6,11,46.833333333333336,2,3,4,0,0,0,0,0,1,0,0,39
6,11,41.588235294117645,1,2,3,0,0,0,1,0,0,0,0,51
6,10,41.588235294117645,2,3,4,0,0,1,0,0,0,0,0,50
6,12,41.588235294117645,1,4,3,0,0,0,0,0,1,0,0,21
6,33,39.285714285714285,2,3,4,0,0,0,0,0,0,1,0,32
6,11,46.833333333333336,1,3,4,0,1,0,0,0,0,0,0,42
6,34,46.833333333333336,2,4,4,0,0,0,0,0,0,1,0,41
6,35,45.11764705882353,1,4,3,0,0,0,0,0,0,1,0,37
6,11,45.11764705882353,2,4,4,0,0,0,0,1,0,0,0,66
6,36,48.64705882352941,1,3,4,0,0,0,0,0,0,1,0,47
6,12,48.64705882352941,2,2,6,0,0,0,1,0,0,0,0,55
6,13,48.64705882352941,1,2,3,0,0,0,0,0,1,0,0,45
6,11,39.285714285714285,2,4,4,0,0,1,0,0,0,0,0,49
6,12,45.11764705882353,1,3,4,0,0,0,0,1,0,0,0,51
6,12,45.11764705882353,2,2,4,0,1,0,0,0,0,0,0,63
6,12,45.11764705882353,1,4,3,0,0,1,0,0,0,0,0,28
6,37,39.285714285714285,2,3,3,0,0,0,0,0,0,1,0,44
6,13,46.833333333333336,1,2,5,0,1,0,0,0,0,0,0,63
6,38,46.833333333333336,2,6,5,0,0,0,0,0,0,1,0,59
6,13,39.5,1,4,3,0,0,0,0,1,0,0,0,44
6,39,57.0,2,5,3,0,0,0,0,0,0,1,0,55
6,13,57.0,1,2,4,0,0,0,1,0,0,0,0,46
6,13,46.0,2,3,3,0,0,1,0,0,0,0,0,37
6,40,46.0,1,2,4,0,0,0,0,0,0,1,0,52
6,41,39.285714285714285,2,3,3,0,0,0,0,0,0,1,0,44
6,14,39.285714285714285,1,5,3,0,0,0,0,0,1,0,0,49
6,42,57.0,2,3,4,0,0,0,0,0,0,1,0,70
6,14,45.11764705882353,1,3,4,0,0,0,0,1,0,0,0,48
6,14,45.11764705882353,2,3,4,0,0,0,1,0,0,0,0,48
6,14,45.11764705882353,1,3,5,0,0,1,0,0,0,0,0,43
6,14,46.0,2,4,2,0,1,0,0,0,0,0,0,49
6,43,46.833333333333336,1,5,3,0,0,0,0,0,0,1,0,23
6,15,46.833333333333336,2,7,3,0,1,0,0,0,0,0,0,31
6,15,43.0,1,3,3,0,0,0,1,0,0,0,0,43
6,15,43.0,2,3,4,0,0,0,0,1,0,0,0,46
6,44,43.0,1,4,4,0,0,0,0,0,0,1,0,38
6,16,43.0,2,4,4,0,0,0,1,0,0,0,0,46
6,17,46.833333333333336,1,2,3,0,0,0,1,0,0,0,0,59
6,16,46.833333333333336,2,2,4,0,1,0,0,0,0,0,0,59
7,1,47.0,1,3,5,0,0,0,1,0,0,0,0,59
7,1,47.0,2,3,4,0,1,0,0,0,0,0,0,54
7,1,47.0,1,3,4,0,0,0,0,0,1,0,0,61
7,1,48.4,2,3,4,0,0,0,0,0,0,1,0,59
7,2,48.4,1,3,4,0,0,0,0,0,0,1,0,52
7,1,45.0,2,2,4,0,0,0,0,1,0,0,0,73
7,2,45.0,1,4,4,0,1,0,0,0,0,0,0,41
7,1,47.333333333333336,2,4,4,0,0,1,0,0,0,0,0,43
7,3,47.333333333333336,1,3,3,0,0,0,0,0,0,1,0,35
7,4,65.5,2,4,4,0,0,0,0,0,0,1,0,56
7,5,47.0,1,4,4,0,0,0,0,0,0,1,0,40
7,2,47.0,2,3,4,0,0,0,1,0,0,0,0,59
7,2,48.45,1,4,4,0,0,0,0,1,0,0,0,59
7,2,48.45,2,2,4,0,0,0,0,0,1,0,0,49
7,3,48.45,1,5,4,0,1,0,0,0,0,0,0,23
7,6,65.5,2,2,4,0,0,0,0,0,0,1,0,62
7,2,65.5,1,3,3,0,0,1,0,0,0,0,0,62
7,7,48.4,2,4,4,0,0,0,0,0,0,1,0,50
7,3,48.45,1,2,3,0,0,0,1,0,0,0,0,34
7,3,48.45,2,4,4,0,0,0,0,0,1,0,0,61
7,8,54.0,1,3,5,0,0,0,0,0,0,1,0,57
7,3,54.0,2,3,4,0,0,0,0,1,0,0,0,76
7,4,43.42857142857143,1,2,3,0,1,0,0,0,0,0,0,41
7,4,43.42857142857143,2,6,4,0,0,0,0,0,1,0,0,21
7,9,47.333333333333336,1,4,4,0,0,0,0,0,0,1,0,64
7,10,45.0,2,2,5,0,0,0,0,0,0,1,0,61
7,4,54.0,1,4,4,0,0,0,0,1,0,0,0,40
7,4,54.0,2,2,4,0,0,0,1,0,0,0,0,45
7,3,52.13333333333333,1,2,4,0,0,1,0,0,0,0,0,49
7,11,52.13333333333333,2,5,4,0,0,0,0,0,0,1,0,40
7,12,48.45,1,3,4,0,0,0,0,0,0,1,0,46
7,5,48.45,2,3,4,0,0,0,0,0,1,0,0,56
7,13,43.42857142857143,1,2,4,0,0,0,0,0,0,1,0,55
7,5,43.42857142857143,2,3,4,0,1,0,0,0,0,0,0,42
7,4,52.13333333333333,1,2,5,0,0,1,0,0,0,0,0,53
7,5,52.13333333333333,2,5,3,0,0,0,0,1,0,0,0,49
7,5,47.0,1,3,3,0,0,0,1,0,0,0,0,29
7,14,47.0,2,4,5,0,0,0,0,0,0,1,0,51
7,6,47.0,1,2,4,0,1,0,0,0,0,0,0,45
7,15,45.0,2,4,3,0,0,0,0,0,0,1,0,57
7,6,47.0,1,3,4,0,0,0,1,0,0,0,0,39
7,5,47.0,2,3,4,0,0,1,0,0,0,0,0,56
7,16,47.0,1,3,4,0,0,0,0,0,0,1,0,46
7,6,65.5,2,3,4,0,0,0,0,0,1,0,0,82
7,6,54.0,1,3,5,0,0,0,0,1,0,0,0,65
7,17,54.0,2,3,3,0,0,0,0,0,0,1,0,72
7,7,48.45,1,4,3,0,0,0,0,0,1,0,0,48
7,6,48.45,2,7,3,0,0,1,0,0,0,0,0,23
7,7,48.45,1,2,4,0,0,0,1,0,0,0,0,45
7,18,48.4,2,3,4,0,0,0,0,0,0,1,0,55
7,19,48.4,1,3,5,0,0,0,0,0,0,1,0,50
7,20,45.0,2,4,4,0,0,0,0,0,0,1,0,50
7,7,54.0,1,3,4,0,0,0,0,1,0,0,0,65
7,7,54.0,2,6,2,0,1,0,0,0,0,0,0,39
7,21,48.45,1,2,4,0,0,0,0,0,0,1,0,48
7,8,48.45,2,3,4,0,0,0,0,0,1,0,0,44
7,22,48.45,1,2,3,0,0,0,0,0,0,1,0,57
7,8,48.4,2,3,4,0,0,0,0,1,0,0,0,45
7,8,43.42857142857143,1,5,3,0,1,0,0,0,0,0,0,35
7,23,43.42857142857143,2,4,2,0,0,0,0,0,0,1,0,49
7,7,54.0,1,3,5,0,0,1,0,0,0,0,0,53
7,9,54.0,2,3,5,0,0,0,0,1,0,0,0,47
7,8,49.1,1,2,4,0,0,0,1,0,0,0,0,60
7,24,49.1,2,4,4,0,0,0,0,0,0,1,0,59
7,25,49.1,1,3,4,0,0,0,0,0,0,1,0,43
7,9,48.4,2,4,4,0,1,0,0,0,0,0,0,39
7,26,48.4,1,5,4,0,0,0,0,0,0,1,0,48
7,9,45.0,2,3,6,0,0,0,0,0,1,0,0,61
7,10,45.0,3,2,1,0,0,0,0,0,1,0,0,11
7,27,45.0,4,2,1,0,0,0,0,0,0,1,0,6
7,8,49.1,1,5,3,0,0,1,0,0,0,0,0,25
7,28,49.1,2,2,3,0,0,0,0,0,0,1,0,50
7,9,47.0,1,2,6,0,0,0,1,0,0,0,0,79
7,10,47.0,2,4,4,0,0,0,0,1,0,0,0,44
7,10,48.45,1,4,5,0,1,0,0,0,0,0,0,52
7,11,48.45,2,3,4,0,0,0,0,0,1,0,0,55
7,29,48.45,1,2,4,0,0,0,0,0,0,1,0,55
7,30,48.4,2,5,3,0,0,0,0,0,0,1,0,43
7,10,52.13333333333333,1,3,4,0,0,0,1,0,0,0,0,66
7,9,52.13333333333333,2,3,4,0,0,1,0,0,0,0,0,62
7,11,54.0,1,4,3,0,0,0,0,1,0,0,0,41
7,31,54.0,2,3,3,0,0,0,0,0,0,1,0,74
7,32,52.13333333333333,1,4,4,0,0,0,0,0,0,1,0,58
7,10,52.13333333333333,2,3,3,0,0,1,0,0,0,0,0,63
7,33,43.42857142857143,1,4,4,0,0,0,0,0,0,1,0,35
7,11,43.42857142857143,2,5,3,0,1,0,0,0,0,0,0,46
7,34,47.0,1,3,5,0,0,0,0,0,0,1,0,35
7,11,47.0,2,4,3,0,0,0,1,0,0,0,0,47
7,12,52.13333333333333,1,2,3,0,0,0,0,0,1,0,0,60
7,11,52.13333333333333,2,7,4,0,0,1,0,0,0,0,0,35
7,12,43.42857142857143,1,5,3,0,1,0,0,0,0,0,0,40
7,12,43.42857142857143,2,2,4,0,0,0,0,1,0,0,0,105
7,35,49.1,1,3,4,0,0,0,0,0,0,1,0,44
7,36,49.1,2,2,3,0,0,0,0,0,0,1,0,58
7,13,47.0,1,4,4,0,0,0,0,0,1,0,0,36
7,12,47.0,2,3,4,0,0,0,1,0,0,0,0,43
7,37,49.1,1,4,3,0,0,0,0,0,0,1,0,41
7,13,49.1,2,3,4,0,0,0,0,1,0,0,0,61
7,38,49.1,1,4,3,0,0,0,0,0,0,1,0,50
7,12,55.5,2,4,4,0,0,1,0,0,0,0,0,64
7,39,48.45,1,3,5,0,0,0,0,0,0,1,0,71
7,14,48.45,2,2,4,0,0,0,0,0,1,0,0,68
7,13,52.13333333333333,1,4,4,0,0,1,0,0,0,0,0,54
7,40,52.13333333333333,2,4,3,0,0,0,0,0,0,1,0,53
7,41,52.13333333333333,1,2,4,0,0,0,0,0,0,1,0,61
7,13,55.5,2,4,3,0,0,0,1,0,0,0,0,47
7,15,54.0,1,3,4,0,0,0,0,0,1,0,0,51
7,14,54.0,2,4,3,0,0,0,0,1,0,0,0,53
7,42,54.0,1,6,3,0,0,0,0,0,0,1,0,32
7,43,48.4,2,3,5,0,0,0,0,0,0,1,0,43
7,13,52.13333333333333,1,3,3,0,1,0,0,0,0,0,0,37
7,14,52.13333333333333,2,4,4,0,0,1,0,0,0,0,0,42
7,44,48.45,1,4,4,0,0,0,0,0,0,1,0,33
7,16,48.45,2,5,4,0,0,0,0,0,1,0,0,42
7,14,43.42857142857143,1,3,3,0,0,0,1,0,0,0,0,30
7,15,43.42857142857143,2,5,5,0,0,0,0,1,0,0,0,48
7,16,43.42857142857143,1,5,4,0,0,0,0,1,0,0,0,25
7,17,43.42857142857143,2,5,4,0,0,0,0,0,1,0,0,36
7,18,47.0,1,4,4,0,0,0,0,0,1,0,0,32
7,45,47.0,2,3,5,0,0,0,0,0,0,1,0,38
9,1,36.5,1,4,2,0,1,0,0,0,0,0,0,33
9,1,36.5,2,3,3,1,0,0,0,0,0,0,0,16
9,1,49.77777777777778,1,2,4,0,0,0,1,0,0,0,0,54
9,1,49.77777777777778,2,3,4,0,0,0,0,1,0,0,0,47
9,1,48.25,1,4,4,0,0,1,0,0,0,0,0,45
9,1,48.25,2,4,3,0,0,0,0,0,1,0,0,46
9,1,48.25,1,3,4,0,0,0,0,0,0,1,0,32
9,1,52.0,2,2,3,0,0,0,0,0,0,0,1,64
9,2,38.888888888888886,1,3,3,0,0,1,0,0,0,0,0,43
9,2,38.888888888888886,2,3,3,1,0,0,0,0,0,0,0,58
9,2,49.77777777777778,1,4,5,0,0,0,0,1,0,0,0,53
9,2,49.77777777777778,2,4,3,0,0,0,0,0,0,1,0,51
9,2,49.77777777777778,1,2,3,0,0,0,0,0,1,0,0,52
9,2,50.0,2,3,5,0,1,0,0,0,0,0,0,60
9,2,45.63636363636363,1,3,4,0,0,0,0,0,0,0,1,35
9,2,45.63636363636363,2,2,4,0,0,0,1,0,0,0,0,69
9,3,48.36363636363637,1,3,4,0,0,0,0,0,1,0,0,62
9,3,48.36363636363637,2,2,3,0,0,0,0,0,0,1,0,38
9,3,38.888888888888886,1,3,4,0,0,0,0,1,0,0,0,36
9,3,38.888888888888886,2,3,4,0,0,1,0,0,0,0,0,45
9,4,38.888888888888886,3,2,1,0,0,1,0,0,0,0,0,10
9,4,38.888888888888886,4,3,1,0,0,0,0,1,0,0,0,7
9,3,45.63636363636363,1,2,4,0,0,0,1,0,0,0,0,59
9,3,45.63636363636363,2,5,3,0,1,0,0,0,0,0,0,30
9,3,36.5,1,5,3,1,0,0,0,0,0,0,0,29
9,3,36.5,2,5,3,0,0,0,0,0,0,0,1,45
9,4,48.36363636363637,1,4,4,0,0,0,0,0,0,1,0,54
9,5,48.36363636363637,2,3,4,0,0,1,0,0,0,0,0,49
9,4,48.36363636363637,1,2,3,0,1,0,0,0,0,0,0,48
9,4,52.0,2,2,3,0,0,0,0,0,0,0,1,55
9,4,48.25,1,3,3,0,0,0,0,0,1,0,0,40
9,4,48.25,2,5,3,1,0,0,0,0,0,0,0,34
9,6,38.888888888888886,1,3,3,0,0,1,0,0,0,0,0,36
9,4,38.888888888888886,2,2,4,0,0,0,1,0,0,0,0,62
9,5,38.888888888888886,1,2,4,0,1,0,0,0,0,0,0,53
9,5,50.0,2,3,3,0,0,0,0,1,0,0,0,59
9,5,36.5,1,2,4,1,0,0,0,0,0,0,0,54
9,5,36.5,2,4,3,0,0,0,0,0,0,1,0,46
9,5,45.63636363636363,1,4,3,0,0,0,0,0,1,0,0,30
9,5,45.63636363636363,2,4,4,0,0,0,1,0,0,0,0,39
9,6,45.63636363636363,1,3,3,0,1,0,0,0,0,0,0,40
9,7,50.0,2,3,3,0,0,1,0,0,0,0,0,53
9,5,50.0,1,3,3,0,0,0,0,0,0,0,1,28
9,6,52.0,2,2,3,0,0,0,0,1,0,0,0,65
9,6,48.36363636363637,1,3,3,0,0,0,1,0,0,0,0,27
9,6,48.36363636363637,2,3,4,0,0,0,0,0,0,1,0,38
9,7,36.5,1,6,3,0,0,0,0,1,0,0,0,29
9,6,36.5,2,4,3,1,0,0,0,0,0,0,0,40
9,7,48.25,1,2,3,0,0,0,0,0,0,1,0,50
9,6,48.25,2,3,3,0,0,0,0,0,1,0,0,50
9,6,48.25,1,5,3,0,0,0,0,0,0,0,1,54
9,7,52.0,2,6,3,1,0,0,0,0,0,0,0,24
9,8,49.77777777777778,1,3,4,0,0,0,0,1,0,0,0,41
9,8,49.77777777777778,2,4,3,0,0,1,0,0,0,0,0,57
9,7,48.25,1,2,4,0,0,0,0,0,1,0,0,57
9,7,48.25,2,2,4,0,0,0,0,0,0,0,1,59
9,8,48.36363636363637,1,2,3,0,0,0,0,0,0,1,0,60
9,7,48.36363636363637,2,3,4,0,1,0,0,0,0,0,0,63
9,9,49.77777777777778,1,3,4,0,0,0,0,1,0,0,0,49
9,8,49.77777777777778,2,4,4,1,0,0,0,0,0,0,0,44
9,9,45.63636363636363,1,4,3,0,0,1,0,0,0,0,0,51
9,7,45.63636363636363,2,2,3,0,0,0,1,0,0,0,0,40
9,8,48.25,1,3,3,0,1,0,0,0,0,0,0,45
9,8,48.25,2,2,4,0,0,0,0,0,1,0,0,67
9,9,48.36363636363637,1,3,3,0,0,0,0,0,0,1,0,39
9,8,48.36363636363637,2,3,2,0,0,0,0,0,0,0,1,54
9,9,45.63636363636363,1,2,3,1,0,0,0,0,0,0,0,41
9,8,45.63636363636363,2,3,3,0,0,0,1,0,0,0,0,68
8,1,48.73913043478261,1,4,2,0,0,0,0,0,1,0,0,39
8,1,48.73913043478261,2,3,4,1,0,0,0,0,0,0,0,42
8,1,57.714285714285715,1,3,5,0,0,1,0,0,0,0,0,45
8,1,57.714285714285715,2,4,4,0,0,0,0,0,0,1,0,73
8,1,52.76190476190476,1,3,3,0,1,0,0,0,0,0,0,52
8,1,52.76190476190476,2,4,4,0,0,0,0,1,0,0,0,68
8,1,50.529411764705884,1,3,3,0,0,0,0,0,0,0,1,48
8,1,50.529411764705884,2,3,4,0,0,0,1,0,0,0,0,57
8,2,63.333333333333336,1,4,5,0,0,0,0,1,0,0,0,64
8,2,63.333333333333336,2,3,4,1,0,0,0,0,0,0,0,75
8,2,63.333333333333336,1,4,3,0,0,0,0,0,0,0,1,51
8,2,49.22222222222222,2,4,4,0,0,1,0,0,0,0,0,60
8,2,50.529411764705884,1,3,4,0,0,0,0,0,1,0,0,54
8,2,50.529411764705884,2,2,4,0,0,0,1,0,0,0,0,56
8,2,50.529411764705884,1,5,3,0,0,0,0,0,0,1,0,50
8,2,50.75,2,4,4,0,1,0,0,0,0,0,0,41
8,3,48.73913043478261,1,2,4,0,0,0,0,0,1,0,0,84
8,3,48.73913043478261,2,3,4,0,0,1,0,0,0,0,0,53
8,3,52.76190476190476,1,3,4,0,0,0,0,1,0,0,0,49
8,3,52.76190476190476,2,4,4,0,0,0,1,0,0,0,0,46
8,3,52.76190476190476,1,3,4,0,0,0,0,0,0,0,1,52
8,3,50.75,2,3,4,0,1,0,0,0,0,0,0,64
8,3,57.714285714285715,1,2,3,0,0,0,0,0,0,1,0,75
8,3,57.714285714285715,2,4,4,1,0,0,0,0,0,0,0,53
8,4,52.76190476190476,1,3,3,0,0,0,0,1,0,0,0,50
8,4,52.76190476190476,2,5,4,0,0,1,0,0,0,0,0,56
8,4,48.73913043478261,1,4,4,0,0,0,0,0,1,0,0,60
8,4,48.73913043478261,2,4,4,0,1,0,0,0,0,0,0,55
8,4,48.73913043478261,1,2,4,0,0,0,0,0,0,0,1,48
8,5,49.22222222222222,2,3,4,0,0,0,0,1,0,0,0,53
8,4,57.714285714285715,1,2,4,0,0,0,0,0,0,1,0,49
8,4,57.714285714285715,2,5,3,0,0,0,1,0,0,0,0,40
8,4,57.714285714285715,1,3,5,1,0,0,0,0,0,0,0,69
8,5,44.25,2,5,3,0,0,0,0,0,0,0,1,35
8,6,52.76190476190476,1,3,4,0,0,0,0,1,0,0,0,50
8,5,52.76190476190476,2,2,5,0,0,0,0,0,0,1,0,73
8,5,52.76190476190476,1,4,3,0,0,1,0,0,0,0,0,28
8,5,50.75,2,4,4,0,1,0,0,0,0,0,0,43
8,5,50.529411764705884,1,3,4,1,0,0,0,0,0,0,0,27
8,5,50.529411764705884,2,5,3,0,0,0,1,0,0,0,0,40
8,5,50.529411764705884,1,3,4,0,0,0,0,0,1,0,0,43
8,6,49.22222222222222,2,4,4,0,0,0,0,0,0,0,1,43
8,6,49.1578947368421,1,4,3,0,0,0,0,0,0,1,0,51
8,6,49.1578947368421,2,5,3,0,0,1,0,0,0,0,0,48
8,6,48.73913043478261,1,6,3,0,0,0,1,0,0,0,0,51
8,6,48.73913043478261,2,5,3,0,0,0,0,0,1,0,0,22
8,6,48.73913043478261,1,3,3,0,1,0,0,0,0,0,0,52
8,6,50.75,2,4,4,1,0,0,0,0,0,0,0,55
8,7,50.529411764705884,1,5,2,0,0,0,1,0,0,0,0,37
8,7,50.529411764705884,2,2,3,0,0,0,0,0,0,1,0,44
8,7,49.1578947368421,1,2,5,0,0,1,0,0,0,0,0,57
8,7,49.1578947368421,2,6,4,0,0,0,0,1,0,0,0,51
8,7,49.1578947368421,1,3,4,1,0,0,0,0,0,0,0,51
8,7,44.25,2,2,4,0,0,0,0,0,1,0,0,50
8,8,44.25,1,3,4,0,0,0,1,0,0,0,0,39
8,7,49.22222222222222,2,3,4,0,0,0,0,0,0,0,1,43
8,7,49.22222222222222,1,2,4,0,1,0,0,0,0,0,0,40
8,8,50.75,2,2,3,0,0,0,0,1,0,0,0,51
8,8,50.75,1,2,4,1,0,0,0,0,0,0,0,56
8,8,44.25,2,4,3,0,0,1,0,0,0,0,0,59
8,8,44.25,1,2,4,0,1,0,0,0,0,0,0,43
8,8,50.75,2,5,3,0,0,0,0,0,1,0,0,40
8,9,49.1578947368421,1,3,5,0,0,1,0,0,0,0,0,62
8,8,49.1578947368421,2,2,5,0,0,0,0,0,0,0,1,79
8,9,52.76190476190476,1,3,4,1,0,0,0,0,0,0,0,57
8,9,52.76190476190476,2,4,3,0,0,0,0,1,0,0,0,56
8,8,52.76190476190476,1,2,3,0,0,0,0,0,0,1,0,49
8,9,48.8,2,3,4,0,0,0,0,0,1,0,0,39
8,9,48.8,1,3,3,0,1,0,0,0,0,0,0,47
8,10,44.25,2,3,3,1,0,0,0,0,0,0,0,42
8,10,50.529411764705884,1,3,4,0,0,1,0,0,0,0,0,60
8,9,50.529411764705884,2,2,4,0,0,0,1,0,0,0,0,61
8,10,48.73913043478261,1,2,5,0,0,0,0,0,1,0,0,56
8,10,48.73913043478261,2,4,3,0,0,0,0,1,0,0,0,47
8,9,48.73913043478261,1,4,4,0,0,0,0,0,0,0,1,45
8,9,48.8,2,4,4,0,0,0,0,0,0,1,0,34
8,10,50.529411764705884,1,3,4,0,0,0,1,0,0,0,0,38
8,10,50.529411764705884,2,3,4,0,1,0,0,0,0,0,0,55
8,10,50.529411764705884,1,3,4,0,0,0,0,0,0,0,1,63
8,10,49.22222222222222,2,5,4,0,0,0,0,0,0,1,0,33
8,11,52.76190476190476,1,3,5,0,0,0,0,0,1,0,0,47
8,11,52.76190476190476,2,4,4,0,0,0,0,1,0,0,0,47
8,11,49.1578947368421,1,4,4,0,0,1,0,0,0,0,0,38
8,11,49.1578947368421,2,3,4,0,0,0,1,0,0,0,0,51
8,11,49.1578947368421,1,3,5,1,0,0,0,0,0,0,0,55
8,11,49.22222222222222,2,4,4,0,0,0,0,0,0,0,1,57
8,12,49.22222222222222,1,3,5,0,0,0,0,1,0,0,0,59
8,11,48.8,2,3,4,0,0,0,0,0,0,1,0,58
8,12,49.1578947368421,1,4,3,0,0,1,0,0,0,0,0,44
8,11,49.1578947368421,2,4,4,0,1,0,0,0,0,0,0,58
8,12,49.1578947368421,1,3,3,0,0,0,1,0,0,0,0,29
8,12,44.25,2,2,4,1,0,0,0,0,0,0,0,53
8,12,48.73913043478261,1,2,4,0,0,0,0,0,1,0,0,51
8,12,48.73913043478261,2,3,4,0,0,0,0,0,0,0,1,51
8,12,48.73913043478261,1,5,3,0,0,0,0,0,0,1,0,47
8,12,48.8,2,2,4,0,1,0,0,0,0,0,0,66
8,13,52.76190476190476,1,3,4,0,0,0,0,0,0,0,1,68
8,13,52.76190476190476,2,4,3,0,0,0,0,1,0,0,0,51
8,13,48.73913043478261,1,5,3,0,0,0,0,0,1,0,0,60
8,13,48.73913043478261,2,3,4,0,0,0,0,0,0,1,0,57
8,13,48.73913043478261,1,4,4,0,1,0,0,0,0,0,0,44
8,13,50.75,2,3,4,0,0,0,1,0,0,0,0,56
8,13,49.1578947368421,1,3,4,0,0,1,0,0,0,0,0,39
8,13,49.1578947368421,2,2,4,1,0,0,0,0,0,0,0,44
8,14,49.1578947368421,1,3,4,0,0,0,0,0,0,0,1,45
8,14,49.22222222222222,2,3,4,0,1,0,0,0,0,0,0,55
8,14,50.529411764705884,1,2,5,0,0,0,1,0,0,0,0,60
8,14,50.529411764705884,2,3,4,0,0,0,0,1,0,0,0,66
8,14,49.1578947368421,1,4,4,0,0,1,0,0,0,0,0,46
8,14,49.1578947368421,2,3,5,0,0,0,0,0,1,0,0,57
8,14,49.1578947368421,1,5,2,0,0,0,0,0,0,1,0,29
8,14,44.25,2,5,3,1,0,0,0,0,0,0,0,33
8,15,48.73913043478261,1,5,3,0,0,0,1,0,0,0,0,47
8,15,48.73913043478261,2,5,3,1,0,0,0,0,0,0,0,33
8,15,52.76190476190476,1,5,3,0,0,0,0,1,0,0,0,46
8,15,52.76190476190476,2,3,4,0,0,0,0,0,0,0,1,51
8,16,52.76190476190476,1,2,4,0,0,0,1,0,0,0,0,45
8,16,52.76190476190476,2,3,3,0,0,0,0,1,0,0,0,67
8,17,48.73913043478261,1,3,3,0,0,0,1,0,0,0,0,42
8,16,48.73913043478261,2,3,2,1,0,0,0,0,0,0,0,35
9,1,51.77777777777778,1,2,4,0,0,0,0,0,1,0,0,57
9,1,51.77777777777778,2,2,5,0,0,1,0,0,0,0,0,48
9,1,43.285714285714285,1,3,3,0,1,0,0,0,0,0,0,42
9,1,43.285714285714285,2,5,3,0,0,0,0,1,0,0,0,37
9,2,43.285714285714285,1,3,5,0,0,0,0,0,1,0,0,46
9,1,59.666666666666664,2,3,5,0,0,0,0,0,0,0,1,60
9,1,51.77777777777778,1,4,3,0,0,0,0,0,0,1,0,50
9,2,51.77777777777778,2,3,5,0,0,1,0,0,0,0,0,60
9,2,57.875,1,4,4,0,0,0,0,1,0,0,0,61
9,1,57.875,2,2,5,0,0,0,1,0,0,0,0,72
9,2,57.875,1,3,2,0,1,0,0,0,0,0,0,49
9,1,48.4,2,6,3,1,0,0,0,0,0,0,0,32
9,2,48.4,1,2,3,0,0,0,0,0,0,0,1,52
9,3,59.666666666666664,2,2,5,0,0,1,0,0,0,0,0,59
9,2,47.72727272727273,1,3,2,0,0,0,1,0,0,0,0,54
9,2,47.72727272727273,2,3,4,1,0,0,0,0,0,0,0,49
9,3,47.72727272727273,1,3,2,0,1,0,0,0,0,0,0,70
9,2,48.4,2,3,4,0,0,0,0,0,0,1,0,68
9,3,43.285714285714285,1,4,3,0,0,0,0,1,0,0,0,32
9,3,43.285714285714285,2,3,5,0,0,0,0,0,0,0,1,55
9,3,47.72727272727273,1,3,2,0,0,0,0,0,1,0,0,45
9,3,47.72727272727273,2,5,4,1,0,0,0,0,0,0,0,40
9,3,47.72727272727273,1,3,4,0,0,0,1,0,0,0,0,51
9,4,59.666666666666664,2,2,5,0,0,0,0,0,0,0,1,60
9,4,51.77777777777778,1,3,4,0,0,1,0,0,0,0,0,59
9,4,51.77777777777778,2,3,4,0,1,0,0,0,0,0,0,64
9,4,43.285714285714285,1,2,4,0,0,0,0,1,0,0,0,50
9,4,43.285714285714285,2,4,3,0,0,0,0,0,1,0,0,41
9,4,57.875,1,2,4,0,0,0,1,0,0,0,0,77
9,3,57.875,2,3,4,0,0,0,0,0,0,1,0,44
9,5,57.875,1,8,5,0,1,0,0,0,0,0,0,62
9,5,48.4,2,2,4,0,0,0,0,0,0,0,1,41
9,4,47.72727272727273,1,3,4,1,0,0,0,0,0,0,0,27
9,5,47.72727272727273,2,4,2,0,0,1,0,0,0,0,0,59
9,5,35.833333333333336,1,3,4,0,0,0,0,0,1,0,0,44
9,5,35.833333333333336,2,4,3,0,0,0,1,0,0,0,0,59
9,6,35.833333333333336,3,3,1,0,0,0,1,0,0,0,0,8
9,6,35.833333333333336,4,2,1,0,0,0,0,0,1,0,0,9
9,4,53.25,1,4,3,0,0,0,0,0,0,1,0,41
9,5,53.25,2,2,4,0,0,0,0,1,0,0,0,62
9,6,51.77777777777778,1,6,3,0,0,0,0,0,0,0,1,30
9,6,51.77777777777778,2,4,5,0,0,1,0,0,0,0,0,46
9,7,51.77777777777778,1,3,3,0,0,0,1,0,0,0,0,52
9,6,48.4,2,5,3,0,1,0,0,0,0,0,0,49
9,5,53.25,1,3,4,1,0,0,0,0,0,0,0,42
9,5,53.25,2,2,3,0,0,0,0,0,0,1,0,68
9,6,35.833333333333336,1,2,5,0,0,0,0,1,0,0,0,49
9,7,35.833333333333336,2,2,4,0,0,0,0,0,1,0,0,46
9,6,47.72727272727273,1,4,5,1,0,0,0,0,0,0,0,32
9,8,47.72727272727273,2,4,2,0,0,0,0,0,1,0,0,44
9,8,47.72727272727273,1,3,3,0,0,0,1,0,0,0,0,54
9,7,46.0,2,2,4,0,0,1,0,0,0,0,0,55
9,8,46.0,1,4,3,0,0,1,0,0,0,0,0,41
9,7,46.0,2,2,3,1,0,0,0,0,0,0,0,42
9,9,57.875,1,4,3,0,0,0,0,0,1,0,0,45
9,8,57.875,2,3,4,1,0,0,0,0,0,0,0,53
10,1,51.0,1,4,4,0,0,0,0,0,1,0,0,51
10,1,44.73913043478261,2,4,3,1,0,0,0,0,0,0,0,37
10,1,44.73913043478261,1,5,3,0,0,1,0,0,0,0,0,23
10,1,39.13559322033898,2,5,4,0,0,0,0,0,0,1,0,35
10,2,39.13559322033898,3,2,1,0,0,0,0,0,0,1,0,2
10,2,39.13559322033898,4,1,1,0,0,1,0,0,0,0,0,3
10,1,39.13559322033898,1,2,5,0,1,0,0,0,0,0,0,53
10,1,39.13559322033898,2,3,3,0,0,0,1,0,0,0,0,48
10,1,39.13559322033898,1,3,3,0,0,0,0,0,0,0,1,54
10,2,50.0,2,2,4,1,0,0,0,0,0,0,0,53
10,2,50.0,1,3,4,0,0,0,0,0,1,0,0,59
10,1,44.73913043478261,2,4,4,0,0,0,0,1,0,0,0,33
10,3,44.73913043478261,1,2,3,0,0,1,0,0,0,0,0,36
10,3,39.13559322033898,2,3,4,1,0,0,0,0,0,0,0,34
10,3,39.13559322033898,1,2,3,0,0,0,0,0,0,1,0,50
10,2,39.13559322033898,2,5,3,0,1,0,0,0,0,0,0,40
10,2,39.13559322033898,1,3,3,0,0,0,1,0,0,0,0,40
10,2,44.73913043478261,2,4,3,0,0,0,0,1,0,0,0,52
10,4,44.73913043478261,1,2,3,0,0,0,0,0,0,1,0,60
10,2,50.0,2,3,4,0,0,0,0,0,0,0,1,69
10,3,50.0,1,3,4,0,0,0,0,1,0,0,0,42
10,3,39.13559322033898,2,4,3,0,0,0,0,0,0,0,1,39
10,3,39.13559322033898,1,2,4,0,0,0,1,0,0,0,0,38
10,4,44.73913043478261,2,3,3,0,0,1,0,0,0,0,0,34
10,3,44.73913043478261,1,2,4,0,1,0,0,0,0,0,0,59
10,3,39.13559322033898,2,4,3,0,0,0,0,0,1,0,0,35
10,4,39.13559322033898,3,2,1,0,0,0,0,0,1,0,0,7
10,4,39.13559322033898,4,2,1,0,1,0,0,0,0,0,0,11
10,5,39.13559322033898,1,4,4,0,0,0,0,0,1,0,0,41
10,5,44.73913043478261,2,4,4,0,0,0,0,0,0,1,0,41
10,4,44.73913043478261,1,3,3,0,0,0,1,0,0,0,0,42
10,4,39.13559322033898,2,4,3,1,0,0,0,0,0,0,0,36
10,4,39.13559322033898,1,5,4,0,0,0,0,0,0,0,1,38
10,5,44.73913043478261,2,3,4,0,1,0,0,0,0,0,0,50
10,5,44.73913043478261,1,2,4,0,0,1,0,0,0,0,0,57
10,4,50.0,2,3,5,0,0,0,0,1,0,0,0,59
10,6,50.0,1,2,3,0,0,0,0,0,0,1,0,46
10,5,39.13559322033898,2,2,4,1,0,0,0,0,0,0,0,60
10,6,39.13559322033898,1,4,3,0,0,0,0,0,1,0,0,48
10,5,50.0,2,3,4,0,0,0,1,0,0,0,0,56
10,6,50.0,1,2,4,0,0,1,0,0,0,0,0,63
10,6,39.13559322033898,2,4,5,0,1,0,0,0,0,0,0,43
10,7,39.13559322033898,1,3,5,0,0,0,0,0,1,0,0,57
10,5,44.73913043478261,2,5,3,0,0,0,0,0,0,0,1,31
10,5,44.73913043478261,1,3,3,0,0,0,0,1,0,0,0,52
10,6,44.73913043478261,2,3,2,1,0,0,0,0,0,0,0,54
10,6,44.73913043478261,1,2,3,0,0,0,1,0,0,0,0,58
10,7,39.13559322033898,2,4,3,0,0,0,0,0,0,1,0,45
10,7,39.13559322033898,1,5,4,0,0,1,0,0,0,0,0,51
10,6,50.0,2,3,4,0,0,0,0,0,0,0,1,41
10,6,50.0,1,4,3,0,0,0,0,1,0,0,0,25
10,8,44.73913043478261,2,2,3,0,0,0,0,0,0,1,0,47
10,7,44.73913043478261,1,3,3,0,1,0,0,0,0,0,0,36
10,7,39.13559322033898,2,4,4,1,0,0,0,0,0,0,0,26
10,7,39.13559322033898,1,3,4,0,0,0,1,0,0,0,0,26
10,7,39.13559322033898,2,5,3,0,0,0,0,0,0,0,1,36
10,8,39.13559322033898,1,4,4,0,0,1,0,0,0,0,0,46
10,8,44.73913043478261,2,2,4,0,0,0,0,0,1,0,0,44
10,8,44.73913043478261,1,2,3,0,1,0,0,0,0,0,0,47
10,7,50.0,2,3,4,0,0,0,0,1,0,0,0,43
10,8,50.0,1,4,3,1,0,0,0,0,0,0,0,44
10,8,39.13559322033898,2,4,2,0,0,0,1,0,0,0,0,40
10,9,39.13559322033898,1,4,4,0,0,1,0,0,0,0,0,47
10,8,39.13559322033898,2,4,4,0,0,0,0,0,0,0,1,50
10,9,39.13559322033898,1,3,4,0,1,0,0,0,0,0,0,57
10,9,50.0,2,2,4,0,0,0,0,0,0,1,0,56
10,8,50.0,1,4,4,0,0,0,0,1,0,0,0,33
10,9,44.73913043478261,2,2,4,0,0,0,0,0,1,0,0,51
10,9,44.73913043478261,1,3,4,1,0,0,0,0,0,0,0,39
10,10,50.0,2,4,3,0,0,1,0,0,0,0,0,41
10,9,50.0,1,3,4,0,0,0,0,0,0,0,1,52
10,10,39.13559322033898,2,3,4,0,1,0,0,0,0,0,0,47
10,9,39.13559322033898,1,2,3,0,0,0,0,1,0,0,0,48
10,9,44.73913043478261,2,2,4,0,0,0,1,0,0,0,0,58
10,10,44.73913043478261,3,2,1,0,0,0,1,0,0,0,0,2
10,10,44.73913043478261,4,2,1,0,0,0,0,1,0,0,0,3
10,10,44.73913043478261,1,5,3,0,0,0,0,0,1,0,0,43
10,10,39.13559322033898,2,3,4,0,0,0,0,0,0,1,0,51
10,11,39.13559322033898,3,3,1,0,0,0,0,0,0,1,0,5
10,11,39.13559322033898,4,2,1,0,0,0,0,0,1,0,0,5
10,12,39.13559322033898,5,2,1,0,0,0,0,0,1,0,0,11
10,12,39.13559322033898,6,2,1,0,0,0,0,0,0,1,0,15
10,10,39.13559322033898,1,4,4,1,0,0,0,0,0,0,0,43
10,10,44.73913043478261,2,5,2,0,0,0,0,0,0,0,1,31
10,11,44.73913043478261,1,3,4,0,0,1,0,0,0,0,0,53
10,13,39.13559322033898,2,5,5,0,0,0,0,0,0,1,0,57
10,11,39.13559322033898,1,6,3,0,0,0,0,1,0,0,0,17
10,11,44.73913043478261,2,2,3,0,1,0,0,0,0,0,0,44
10,11,44.73913043478261,1,3,3,0,0,0,0,0,0,0,1,47
10,11,39.13559322033898,2,4,4,0,0,0,1,0,0,0,0,58
10,11,39.13559322033898,1,7,3,1,0,0,0,0,0,0,0,24
10,13,50.0,2,2,3,0,0,0,0,0,1,0,0,52
10,12,50.0,1,4,4,0,0,0,0,1,0,0,0,36
10,12,44.73913043478261,2,4,3,0,0,1,0,0,0,0,0,36
10,14,44.73913043478261,1,3,3,0,0,0,0,0,0,1,0,47
10,12,39.13559322033898,2,2,3,0,0,0,1,0,0,0,0,52
10,14,39.13559322033898,1,3,3,0,0,0,0,0,1,0,0,59
10,12,44.73913043478261,2,4,4,0,0,0,0,0,0,0,1,55
10,12,44.73913043478261,1,3,4,0,1,0,0,0,0,0,0,46
10,12,39.13559322033898,2,2,4,1,0,0,0,0,0,0,0,48
10,13,39.13559322033898,1,5,3,0,0,0,0,1,0,0,0,54
10,15,50.0,2,2,3,0,0,0,0,0,0,1,0,36
10,13,50.0,1,2,4,0,0,0,1,0,0,0,0,77
10,13,39.13559322033898,2,4,3,0,0,1,0,0,0,0,0,54
10,13,39.13559322033898,1,2,4,0,1,0,0,0,0,0,0,54
10,15,44.73913043478261,2,3,4,0,0,0,0,0,1,0,0,45
10,14,44.73913043478261,1,2,4,0,0,0,0,1,0,0,0,48
10,13,39.13559322033898,2,2,5,1,0,0,0,0,0,0,0,44
10,16,39.13559322033898,1,3,3,0,0,0,0,0,0,1,0,53
10,13,44.73913043478261,2,3,4,0,0,0,0,0,0,0,1,66
10,14,44.73913043478261,1,4,3,0,1,0,0,0,0,0,0,30
10,14,50.0,2,3,4,0,0,0,1,0,0,0,0,58
10,15,50.0,1,3,4,0,1,0,0,0,0,0,0,40
10,14,44.73913043478261,2,3,4,0,0,1,0,0,0,0,0,53
10,17,44.73913043478261,1,3,4,0,0,0,0,0,0,1,0,53
10,14,44.73913043478261,2,2,4,1,0,0,0,0,0,0,0,57
10,15,44.73913043478261,1,3,4,0,0,0,0,1,0,0,0,55
10,14,39.13559322033898,2,7,3,0,0,0,0,0,0,0,1,41
10,15,39.13559322033898,1,4,3,0,0,1,0,0,0,0,0,22
10,16,39.13559322033898,2,2,4,0,0,0,0,0,1,0,0,38
10,17,39.13559322033898,1,4,3,0,0,0,0,0,1,0,0,48
10,15,50.0,2,2,4,0,0,0,1,0,0,0,0,56
10,18,50.0,1,3,5,0,0,0,0,0,1,0,0,63
10,16,39.13559322033898,2,6,4,0,0,1,0,0,0,0,0,32
10,16,39.13559322033898,1,4,3,0,1,0,0,0,0,0,0,32
10,16,44.73913043478261,2,4,3,0,0,0,1,0,0,0,0,48
10,17,44.73913043478261,1,2,3,0,0,1,0,0,0,0,0,65
10,17,44.73913043478261,2,5,4,0,0,0,1,0,0,0,0,49
10,18,44.73913043478261,1,5,4,0,0,1,0,0,0,0,0,41
10,19,39.13559322033898,2,3,5,0,0,0,0,0,1,0,0,61
11,1,42.36363636363637,1,3,3,0,0,0,0,0,1,0,0,41
11,1,42.36363636363637,2,4,4,0,1,0,0,0,0,0,0,46
11,1,45.8,1,4,4,1,0,0,0,0,0,0,0,33
11,1,45.8,2,2,3,0,0,1,0,0,0,0,0,65
11,1,42.36363636363637,1,2,4,0,0,0,0,1,0,0,0,50
11,1,42.36363636363637,2,4,4,0,0,0,1,0,0,0,0,35
11,1,45.8,1,3,3,0,0,0,0,0,0,1,0,46
11,1,45.8,2,4,4,0,0,0,0,0,0,0,1,59
11,2,42.36363636363637,1,3,4,0,0,0,0,0,1,0,0,42
11,2,42.36363636363637,2,2,4,0,0,0,0,1,0,0,0,45
11,2,42.36363636363637,1,3,4,0,1,0,0,0,0,0,0,47
11,2,42.36363636363637,2,3,3,0,0,0,1,0,0,0,0,50
11,2,45.8,1,5,3,0,0,1,0,0,0,0,0,36
11,2,45.8,2,5,3,0,0,0,0,0,0,0,1,26
11,2,45.8,1,6,3,0,0,0,0,0,0,1,0,26
11,2,45.8,2,3,4,1,0,0,0,0,0,0,0,32
11,3,42.36363636363637,1,2,4,0,0,0,0,0,1,0,0,53
11,3,42.36363636363637,2,2,4,0,0,0,1,0,0,0,0,57
11,3,42.36363636363637,1,4,4,0,1,0,0,0,0,0,0,45
11,3,42.36363636363637,2,3,4,0,0,0,0,1,0,0,0,57
11,3,45.8,1,2,4,0,0,0,0,0,0,1,0,59
11,3,45.8,2,3,4,0,0,1,0,0,0,0,0,62
11,3,45.8,1,3,4,1,0,0,0,0,0,0,0,46
11,3,45.8,2,4,2,0,0,0,0,0,0,0,1,45
11,4,42.36363636363637,1,3,4,0,0,0,0,0,1,0,0,55
11,4,42.36363636363637,2,3,4,0,0,1,0,0,0,0,0,39
11,4,42.36363636363637,1,3,4,0,0,0,0,0,0,1,0,32
11,4,42.36363636363637,2,2,4,0,0,0,1,0,0,0,0,50
11,4,45.8,1,2,4,1,0,0,0,0,0,0,0,54
11,4,45.8,2,6,3,0,0,0,0,1,0,0,0,45
11,4,45.8,1,5,3,0,0,0,0,0,0,0,1,32
11,4,45.8,2,2,4,0,1,0,0,0,0,0,0,59
11,5,42.36363636363637,1,3,3,0,0,0,0,0,1,0,0,21
11,5,42.36363636363637,2,2,4,0,0,0,0,0,0,1,0,45
11,5,45.8,1,2,4,0,0,0,0,1,0,0,0,25
11,5,45.8,2,4,4,0,0,0,0,0,0,0,1,50
11,5,45.8,1,2,4,1,0,0,0,0,0,0,0,51
11,5,45.8,2,4,3,0,1,0,0,0,0,0,0,65
11,5,42.36363636363637,1,2,4,0,0,1,0,0,0,0,0,51
11,5,42.36363636363637,2,4,5,0,0,0,1,0,0,0,0,56
11,6,42.36363636363637,3,2,1,0,0,0,1,0,0,0,0,7
11,6,42.36363636363637,4,2,1,0,0,1,0,0,0,0,0,8
11,6,44.25,1,2,3,0,0,0,0,0,0,1,0,37
11,6,44.25,2,5,3,0,0,0,0,1,0,0,0,42
11,6,44.25,1,4,3,0,1,0,0,0,0,0,0,36
11,7,44.25,2,4,3,0,0,1,0,0,0,0,0,43
11,7,46.8,1,3,2,0,0,0,1,0,0,0,0,39
11,6,46.8,2,2,3,1,0,0,0,0,0,0,0,50
11,6,46.8,1,2,4,0,0,0,0,0,0,0,1,47
11,6,46.8,2,2,4,0,0,0,0,0,1,0,0,49
11,7,44.25,1,3,4,0,0,0,0,1,0,0,0,45
11,8,44.25,2,2,5,0,0,1,0,0,0,0,0,67
11,7,44.25,1,3,3,0,0,0,0,0,0,1,0,49
11,7,44.25,2,3,3,0,1,0,0,0,0,0,0,35
11,7,46.8,1,3,3,1,0,0,0,0,0,0,0,49
